"Кампания","Группа","Запрос","Роль или тип соответствия","Регион","Целевая страница","Намерение","Частотность","Период данных","Этап","Минус-слова","Статус","Источник","Комментарий"
"Монтаж декораций (только предложение; кампания не создана)","Монтаж (план)","монтаж декораций","Кандидат; режим соответствия в Директе не назначен","Москва и область","/montazh-dekoracij/ (предложена; ещё не существует)","смешанное; поиск работы частично исключён","41","04.09.2026 - 03.10.2026","Первый небольшой тест","вакансии; резюме; зарплата; ищу работу; Minecraft/майнкрафт; моды; своими руками; инструкция; схема; сварка; высотные работы (черновик; проверить фразы перед загрузкой)","Не загружено; сначала опубликованная посадочная и отдельное согласование рекламы","https://wordstat.yandex.ru/?region=1&view=table&words=%D0%BC%D0%BE%D0%BD%D1%82%D0%B0%D0%B6%20%D0%B4%D0%B5%D0%BA%D0%BE%D1%80%D0%B0%D1%86%D0%B8%D0%B9%20-%D0%B2%D0%B0%D0%BA%D0%B0%D0%BD%D1%81%D0%B8%D0%B8%20-%D1%80%D0%B0%D0%B1%D0%BE%D1%82%D0%B0","Частотность измерена для «монтаж декораций -вакансии -работа», а не прогноз показов/кликов. Не добавлять автоматически в 715047614. Лимит теста 3000 ₽ с НДС не меняется. «работа» в измерении не означает рекомендацию исключать слово в рекламе целиком: можно потерять коммерческую стоимость работ."
"Монтаж декораций (только предложение; кампания не создана)","Монтаж (план)","монтажник декораций","Кандидат; режим соответствия в Директе не назначен","Москва и область","/montazh-dekoracij/ (предложена; ещё не существует)","смешанное; вакансии частично исключены","17","04.09.2026 - 03.10.2026","Первый небольшой тест","вакансии; резюме; зарплата; ищу работу; Minecraft/майнкрафт; моды; своими руками; инструкция; схема; сварка; высотные работы (черновик; проверить фразы перед загрузкой)","Не загружено; сначала опубликованная посадочная и отдельное согласование рекламы","https://wordstat.yandex.ru/?region=1&view=table&words=%D0%BC%D0%BE%D0%BD%D1%82%D0%B0%D0%B6%D0%BD%D0%B8%D0%BA%20%D0%B4%D0%B5%D0%BA%D0%BE%D1%80%D0%B0%D1%86%D0%B8%D0%B9%20-%D0%B2%D0%B0%D0%BA%D0%B0%D0%BD%D1%81%D0%B8%D0%B8%20-%D1%80%D0%B0%D0%B1%D0%BE%D1%82%D0%B0","Частотность измерена для «монтажник декораций -вакансии -работа», а не прогноз показов/кликов. Не добавлять автоматически в 715047614. Лимит теста 3000 ₽ с НДС не меняется. «работа» в измерении не означает рекомендацию исключать слово в рекламе целиком: можно потерять коммерческую стоимость работ."
"Монтаж декораций (только предложение; кампания не создана)","Монтаж (план)","сборка декораций","Кандидат; режим соответствия в Директе не назначен","Москва и область","/montazh-dekoracij/ (предложена; ещё не существует)","смешанное; игровые уточнения частично исключены","20","04.09.2026 - 03.10.2026","Первый небольшой тест","вакансии; резюме; зарплата; ищу работу; Minecraft/майнкрафт; моды; своими руками; инструкция; схема; сварка; высотные работы (черновик; проверить фразы перед загрузкой)","Не загружено; сначала опубликованная посадочная и отдельное согласование рекламы","https://wordstat.yandex.ru/?region=1&view=table&words=%D1%81%D0%B1%D0%BE%D1%80%D0%BA%D0%B0%20%D0%B4%D0%B5%D0%BA%D0%BE%D1%80%D0%B0%D1%86%D0%B8%D0%B9%20-%D0%BC%D0%B0%D0%B9%D0%BD%D0%BA%D1%80%D0%B0%D1%84%D1%82%20-%D0%BC%D0%BE%D0%B4%D0%BE%D0%B2","Частотность измерена для «сборка декораций -майнкрафт -модов», а не прогноз показов/кликов. Не добавлять автоматически в 715047614. Лимит теста 3000 ₽ с НДС не меняется. «работа» в измерении не означает рекомендацию исключать слово в рекламе целиком: можно потерять коммерческую стоимость работ."
"Монтаж декораций (только предложение; кампания не создана)","Монтаж (план)","установка декораций","Кандидат; режим соответствия в Директе не назначен","Москва и область","/montazh-dekoracij/ (предложена; ещё не существует)","смешанное; коммерческая услуга присутствует в SERP","8","04.09.2026 - 03.10.2026","Первый небольшой тест","вакансии; резюме; зарплата; ищу работу; Minecraft/майнкрафт; моды; своими руками; инструкция; схема; сварка; высотные работы (черновик; проверить фразы перед загрузкой)","Не загружено; сначала опубликованная посадочная и отдельное согласование рекламы","https://wordstat.yandex.ru/?region=1&view=table&words=%D1%83%D1%81%D1%82%D0%B0%D0%BD%D0%BE%D0%B2%D0%BA%D0%B0%20%D0%B4%D0%B5%D0%BA%D0%BE%D1%80%D0%B0%D1%86%D0%B8%D0%B9","Частотность измерена для «установка декораций», а не прогноз показов/кликов. Не добавлять автоматически в 715047614. Лимит теста 3000 ₽ с НДС не меняется. «работа» в измерении не означает рекомендацию исключать слово в рекламе целиком: можно потерять коммерческую стоимость работ."
"Монтаж декораций (только предложение; кампания не создана)","Монтаж (план)","монтаж фотозоны","Кандидат; режим соответствия в Директе не назначен","Москва и область","/montazh-dekoracij/ (предложена; ещё не существует)","смешанное; установка для мероприятий","13","04.09.2026 - 03.10.2026","Резерв","вакансии; резюме; зарплата; ищу работу; Minecraft/майнкрафт; моды; своими руками; инструкция; схема; сварка; высотные работы (черновик; проверить фразы перед загрузкой)","Не загружено; сначала опубликованная посадочная и отдельное согласование рекламы","https://wordstat.yandex.ru/?region=1&view=table&words=%D0%BC%D0%BE%D0%BD%D1%82%D0%B0%D0%B6%20%D1%84%D0%BE%D1%82%D0%BE%D0%B7%D0%BE%D0%BD%D1%8B","Частотность измерена для «монтаж фотозоны», а не прогноз показов/кликов. Не добавлять автоматически в 715047614. Лимит теста 3000 ₽ с НДС не меняется. «работа» в измерении не означает рекомендацию исключать слово в рекламе целиком: можно потерять коммерческую стоимость работ."
"Монтаж декораций (только предложение; кампания не создана)","Монтаж (план)","сборка фотозоны","Кандидат; режим соответствия в Директе не назначен","Москва и область","/montazh-dekoracij/ (предложена; ещё не существует)","смешанное; DIY частично исключён","22","04.09.2026 - 03.10.2026","Резерв","вакансии; резюме; зарплата; ищу работу; Minecraft/майнкрафт; моды; своими руками; инструкция; схема; сварка; высотные работы (черновик; проверить фразы перед загрузкой)","Не загружено; сначала опубликованная посадочная и отдельное согласование рекламы","https://wordstat.yandex.ru/?region=1&view=table&words=%D1%81%D0%B1%D0%BE%D1%80%D0%BA%D0%B0%20%D1%84%D0%BE%D1%82%D0%BE%D0%B7%D0%BE%D0%BD%D1%8B%20-%D0%B8%D0%BD%D1%81%D1%82%D1%80%D1%83%D0%BA%D1%86%D0%B8%D1%8F%20-%D1%81%D1%85%D0%B5%D0%BC%D0%B0%20-%D1%88%D0%B0%D1%80%D0%BE%D0%B2%20-%D1%80%D1%83%D0%BA%D0%B0%D0%BC%D0%B8","Частотность измерена для «сборка фотозоны -инструкция -схема -шаров -руками», а не прогноз показов/кликов. Не добавлять автоматически в 715047614. Лимит теста 3000 ₽ с НДС не меняется. «работа» в измерении не означает рекомендацию исключать слово в рекламе целиком: можно потерять коммерческую стоимость работ."
"Монтаж декораций (только предложение; кампания не создана)","Монтаж (план)","монтаж выставочных стендов","Кандидат; режим соответствия в Директе не назначен","Москва и область","/montazh-dekoracij/ (предложена; ещё не существует)","коммерческое или смешанное; выставочные проекты","37","04.09.2026 - 03.10.2026","Резерв","вакансии; резюме; зарплата; ищу работу; Minecraft/майнкрафт; моды; своими руками; инструкция; схема; сварка; высотные работы (черновик; проверить фразы перед загрузкой)","Не загружено; сначала опубликованная посадочная и отдельное согласование рекламы","https://wordstat.yandex.ru/?region=1&view=table&words=%D0%BC%D0%BE%D0%BD%D1%82%D0%B0%D0%B6%20%D0%B2%D1%8B%D1%81%D1%82%D0%B0%D0%B2%D0%BE%D1%87%D0%BD%D1%8B%D1%85%20%D1%81%D1%82%D0%B5%D0%BD%D0%B4%D0%BE%D0%B2","Частотность измерена для «монтаж выставочных стендов», а не прогноз показов/кликов. Не добавлять автоматически в 715047614. Лимит теста 3000 ₽ с НДС не меняется. «работа» в измерении не означает рекомендацию исключать слово в рекламе целиком: можно потерять коммерческую стоимость работ."
"Монтаж декораций (только предложение; кампания не создана)","Монтаж (план)","сборка выставочных стендов","Кандидат; режим соответствия в Директе не назначен","Москва и область","/montazh-dekoracij/ (предложена; ещё не существует)","коммерческое или смешанное; сборка","3","04.09.2026 - 03.10.2026","Резерв","вакансии; резюме; зарплата; ищу работу; Minecraft/майнкрафт; моды; своими руками; инструкция; схема; сварка; высотные работы (черновик; проверить фразы перед загрузкой)","Не загружено; сначала опубликованная посадочная и отдельное согласование рекламы","https://wordstat.yandex.ru/?region=1&view=table&words=%D1%81%D0%B1%D0%BE%D1%80%D0%BA%D0%B0%20%D0%B2%D1%8B%D1%81%D1%82%D0%B0%D0%B2%D0%BE%D1%87%D0%BD%D1%8B%D1%85%20%D1%81%D1%82%D0%B5%D0%BD%D0%B4%D0%BE%D0%B2","Частотность измерена для «сборка выставочных стендов», а не прогноз показов/кликов. Не добавлять автоматически в 715047614. Лимит теста 3000 ₽ с НДС не меняется. «работа» в измерении не означает рекомендацию исключать слово в рекламе целиком: можно потерять коммерческую стоимость работ."
"Монтаж декораций (только предложение; кампания не создана)","Монтаж (план)","демонтаж декораций","Кандидат; режим соответствия в Директе не назначен","Москва и область","/montazh-dekoracij/ (предложена; ещё не существует)","коммерческое или смешанное; разборка","13","04.09.2026 - 03.10.2026","Резерв","вакансии; резюме; зарплата; ищу работу; Minecraft/майнкрафт; моды; своими руками; инструкция; схема; сварка; высотные работы (черновик; проверить фразы перед загрузкой)","Не загружено; сначала опубликованная посадочная и отдельное согласование рекламы","https://wordstat.yandex.ru/?region=1&view=table&words=%D0%B4%D0%B5%D0%BC%D0%BE%D0%BD%D1%82%D0%B0%D0%B6%20%D0%B4%D0%B5%D0%BA%D0%BE%D1%80%D0%B0%D1%86%D0%B8%D0%B9","Частотность измерена для «демонтаж декораций», а не прогноз показов/кликов. Не добавлять автоматически в 715047614. Лимит теста 3000 ₽ с НДС не меняется. «работа» в измерении не означает рекомендацию исключать слово в рекламе целиком: можно потерять коммерческую стоимость работ."
