"ID запроса","Запрос","Кластер","Основной или дополнительный","Намерение","Тип клиента","Частотность","Регион","Целевая страница","Приоритет","Дата решения","Основание","Комментарий"
"M01","монтаж декораций","монтаж декораций","Основной","смешанное: заказ; вакансии; другие контексты","Заказчики монтажа; продакшен; декораторы; организаторы","56","Москва и область (1)","https://www.hudwagen.ru/montazh-dekoracij/ (предложен; не создан)","P1","2026-10-05","SEO основной; Директ кандидат после посадочной","В таблице вакансии 8; общий спрос не равен заказчикам."
"M02","монтаж декораций -вакансии -работа","монтаж декораций","Дополнительный","смешанное; поиск работы частично исключён","Заказчики монтажа; продакшен; декораторы; организаторы","41","Москва и область (1)","https://www.hudwagen.ru/montazh-dekoracij/ (предложен; не создан)","P2","2026-10-05","SEO основной; Директ кандидат после посадочной","Нормализованная строка таблицы 56; используем заголовок 41. Оставшееся не считается чисто коммерческим."
"M03","монтажник декораций","монтаж декораций","Дополнительный","смешанное: заказ мастера и поиск работы","Заказчики монтажа; продакшен; декораторы; организаторы","48","Москва и область (1)","https://www.hudwagen.ru/montazh-dekoracij/ (предложен; не создан)","P2","2026-10-05","SEO дополнительный; Директ только с отсечением вакансий","Первая попытка дала undefined; повторная: 48. Вакансии 23; работа 10; монтажники декораций москва 13. Строки перекрываются."
"M04","сборка декораций","монтаж декораций","Дополнительный","смешанное: монтаж; компьютерные игры","Заказчики монтажа; продакшен; декораторы; организаторы","23","Москва и область (1)","https://www.hudwagen.ru/montazh-dekoracij/ (предложен; не создан)","P2","2026-10-05","SEO дополнительный; Директ кандидат с минусами","В таблице Minecraft 3; моды 2. Не складывать и не вычитать строки вручную."
"M05","установка декораций","монтаж декораций","Дополнительный","смешанное; коммерческая услуга присутствует в SERP","Заказчики монтажа; продакшен; декораторы; организаторы","8","Москва и область (1)","https://www.hudwagen.ru/montazh-dekoracij/ (предложен; не создан)","P2","2026-10-05","SEO дополнительный; Директ кандидат","Низкая частотность не доказывает отсутствие заказов."
"M06","сборка декораций -майнкрафт -модов","монтаж декораций","Дополнительный","смешанное; игровые уточнения частично исключены","Заказчики монтажа; продакшен; декораторы; организаторы","20","Москва и область (1)","https://www.hudwagen.ru/montazh-dekoracij/ (предложен; не создан)","P2","2026-10-05","SEO дополнительный; Директ кандидат после посадочной","Нормализованная строка таблицы 23; заголовок 20."
"M07","монтаж фотозоны","монтаж фотозон","Дополнительный","смешанное; установка для мероприятий","Заказчики монтажа; продакшен; декораторы; организаторы","13","Москва и область (1)","https://www.hudwagen.ru/montazh-dekoracij/ (предложен; не создан)","P2","2026-10-05","SEO дополнительный; Директ резерв","Услуга подтверждена владельцем 05.10; изготовление полного оформления не заявлено."
"M08","сборка фотозоны","монтаж фотозон","Дополнительный","смешанное: заказ; инструкции; самостоятельная сборка","Заказчики монтажа; продакшен; декораторы; организаторы","33","Москва и область (1)","https://www.hudwagen.ru/montazh-dekoracij/ (предложен; не создан)","P2","2026-10-05","SEO дополнительный; Директ только с отсечением DIY","Каркас 8; инструкция 6; схема 2; шары 1. SERP также содержит своими руками."
"M09","монтаж декоративных конструкций","монтаж декораций","Дополнительный","не установлено надёжно","Заказчики монтажа; продакшен; декораторы; организаторы","","Москва и область (1)","отложено или исключено","P2","2026-10-05","ограничено; частотность не принята для решения","Дважды в заголовке 16 при сообщении Нет подходящих запросов и пустой таблице. Сохраняем наблюдение; поле частотности пустое; не ноль."
"M10","монтаж конструкций","строительные конструкции","Дополнительный","преимущественно строительство; нормативы; профессии","Заказчики монтажа; продакшен; декораторы; организаторы","3734","Москва и область (1)","отложено или исключено","исключён","2026-10-05","исключён из SEO-целей и Директа","Стальные 418; железобетонные 362; строительные 351; металлические 345. Широкий объём не соответствует подтверждённым услугам."
"M11","монтаж выставочных стендов","монтаж стендов","Дополнительный","коммерческое или смешанное; выставочные проекты","Заказчики монтажа; продакшен; декораторы; организаторы","37","Москва и область (1)","https://www.hudwagen.ru/montazh-dekoracij/ (предложен; не создан)","P2","2026-10-05","SEO дополнительный; Директ резерв","Монтаж подтверждён владельцем; проектирование и производство стенда под ключ не подтверждены."
"M12","монтаж декораций для съемок","монтаж декораций","Дополнительный","предполагаемое коммерческое; нет объёма за период","Заказчики монтажа; продакшен; декораторы; организаторы","0","Москва и область (1)","https://www.hudwagen.ru/montazh-dekoracij/ (предложен; не создан)","P2","2026-10-05","SEO как описание задачи; Директ не приоритет","Явный 0 в заголовке. Не доказывает нулевой будущий спрос; отдельный URL под фразу не нужен."
"M13","""монтаж декораций""","монтаж декораций","Дополнительный","смешанное; без дополнительных слов","Заказчики монтажа; продакшен; декораторы; организаторы","4","Москва и область (1)","https://www.hudwagen.ru/montazh-dekoracij/ (предложен; не создан)","P2","2026-10-05","оценка базовой фразы; не отдельный кластер","Строка таблицы 56 нормализована; частотность режима с кавычками 4. Порядок и словоформы отдельно не фиксировались."
"M14","демонтаж декораций","демонтаж декораций","Дополнительный","коммерческое или смешанное; разборка","Заказчики монтажа; продакшен; декораторы; организаторы","13","Москва и область (1)","https://www.hudwagen.ru/montazh-dekoracij/ (предложен; не создан)","P2","2026-10-05","SEO дополнительный; Директ резерв","Владелец подтвердил демонтаж; сварка и высотные работы исключены."
"M15","сборка выставочных стендов","монтаж стендов","Дополнительный","коммерческое или смешанное; сборка","Заказчики монтажа; продакшен; декораторы; организаторы","3","Москва и область (1)","https://www.hudwagen.ru/montazh-dekoracij/ (предложен; не создан)","P2","2026-10-05","SEO дополнительный; Директ резерв","Синоним задачи монтажа стендов; самостоятельный URL не обоснован."
"M16","монтировщик декораций","профессия монтировщика","Дополнительный","преимущественно поиск работы по свежему SERP","Заказчики монтажа; продакшен; декораторы; организаторы","17","Москва и область (1)","отложено или исключено","исключён","2026-10-05","не рекламировать; термин для пояснения при необходимости","Яндекс 05.10 desktop: серия сайтов вакансий. Встречается профессиональное название работника сцены."
"M17","сборка фотозоны -инструкция -схема -шаров -руками","монтаж фотозон","Дополнительный","смешанное; DIY частично исключён","Заказчики монтажа; продакшен; декораторы; организаторы","22","Москва и область (1)","https://www.hudwagen.ru/montazh-dekoracij/ (предложен; не создан)","P2","2026-10-05","SEO дополнительный; Директ резерв после посадочной","Нормализованная строка 33; заголовок 22. Остаток не считается количеством клиентов."
"M18","монтаж сценических конструкций","сценические конструкции","Дополнительный","смешанное; сценические сооружения","Заказчики монтажа; продакшен; декораторы; организаторы","16","Москва и область (1)","отложено или исключено","P2","2026-10-05","SEO только конкретные подтверждённые конструкции; Директ отложить","Не обещать монтаж любых сцен; высота и сварка исключены. Намерение и допустимый объём требуют проверки."
"M19","монтажник декораций -вакансии -работа","монтаж декораций","Дополнительный","смешанное; вакансии частично исключены","Заказчики монтажа; продакшен; декораторы; организаторы","17","Москва и область (1)","https://www.hudwagen.ru/montazh-dekoracij/ (предложен; не создан)","P2","2026-10-05","SEO дополнительный; Директ кандидат после посадочной","Нормализованная строка 48; заголовок 17. Географическая строка Москва 13."
"M20","сборка подиума","сборка подиумов","Дополнительный","смешанное; бытовое строительство и декорации","Заказчики монтажа; продакшен; декораторы; организаторы","22","Москва и область (1)","отложено или исключено","P2","2026-10-05","SEO конкретно деревянный подиум; Директ отложить","В таблице видео сборки душевой кабины подиум 7. Сценический спрос отдельно не измерен."
