ID,Направление,Запрос,Источник запроса,Регион,Тип частотности,Частотность,Период данных,Дата проверки,Намерение,Тип клиента,Предполагаемая страница,Статус,Причина решения,Источник URL,Комментарий
"B01","Кинотранспорт","кинотранспорт","Авторизованный Вордстат / Топы / Популярные","Москва и область (1)","Все устройства; без операторов; число в заголовке","20","04.09.2026 - 03.10.2026","2026-10-05","смешанное; разные виды кинотранспорта","Продакшен; разные цеха","https://www.hudwagen.ru/","SEO с уточнением задачи; Директ не менять","Категория шире реальной услуги; использовать контекст реквизита и художественного цеха","https://wordstat.yandex.ru/?region=1&view=table&words=кинотранспорт","Частотности перекрываются; не складывать. Не число клиентов."
"B02","Транспорт для съёмок","транспорт для съемок","Авторизованный Вордстат / Топы / Популярные","Москва и область (1)","Все устройства; без операторов; число в заголовке","26","04.09.2026 - 03.10.2026","2026-10-05","смешанное; производственный и игровой транспорт","Продакшен; разные цеха","https://www.hudwagen.ru/","SEO с уточнением задачи; Директ не менять","Свежая выдача включает автопарки и машины в кадр","https://wordstat.yandex.ru/?region=1&view=table&words=транспорт%20для%20съемок","Яндекс SERP 05.10.2026 desktop; фактический регион Красногорск."
"B03","Перевозка реквизита","перевозка !реквизита","Авторизованный Вордстат / Топы / Популярные","Москва и область (1)","Все устройства; ! фиксирует форму; без кавычек; число в заголовке","9","04.09.2026 - 03.10.2026","2026-10-05","смешанное; уточнять физический реквизит для съёмок","Художественный цех; реквизиторы","https://www.hudwagen.ru/","SEO; кандидат следующего теста после отдельного согласования","Реальная перевозка реквизита; омонимия не устраняется автоматически","https://wordstat.yandex.ru/?region=1&view=table&words=перевозка%20!реквизита","В таблице показана нормализованная строка 205; она не подменяет заголовок 9."
"B04","Перевозка декораций","перевозка декораций","Авторизованный Вордстат / Топы / Популярные","Москва и область (1)","Все устройства; без операторов; число в заголовке","26","04.09.2026 - 03.10.2026","2026-10-05","коммерческое; кино и другие площадки","Художественный цех; театры; мероприятия","https://www.hudwagen.ru/","резерв SEO; не обещать перевозку любых конструкций","Нужна проверка конкретного веса и размеров; нельзя заявлять такелаж и полный комплекс","https://wordstat.yandex.ru/?region=1&view=table&words=перевозка%20декораций","Индивидуальная возможность перевозки согласуется с Маратом."
"B05","Съёмочная группа","транспорт для съемочной группы","Авторизованный Вордстат / Топы / Популярные","Москва и область (1)","Все устройства; без операторов; число в заголовке","0","04.09.2026 - 04.10.2026","2026-10-05","не определено по спросу; пассажирское ожидание возможно","Съёмочная группа","https://www.hudwagen.ru/","не усиливать пассажирское предложение","Подтверждённый ноль за период; услуга пассажирских перевозок не подтверждена","https://wordstat.yandex.ru/?region=1&view=table&words=транспорт%20для%20съемочной%20группы","Допустима понятная формулировка художественный цех съёмочной группы как аудитория."
"M01","Монтаж декораций и конструкций","монтаж декораций","Авторизованный Вордстат / Топы / Популярные","Москва и область (1)","Все устройства; без операторов; число в заголовке","56","04.09.2026 - 03.10.2026","2026-10-05T13:17:06.682Z (UTC; МСК +3)","смешанное: заказ; вакансии; другие контексты","Продакшен; декораторы; организаторы; выставочные подрядчики","https://www.hudwagen.ru/montazh-dekoracij/ (предложен; не создан)","SEO основной; Директ кандидат после посадочной","Возможности Марата подтверждены владельцем 05.10; решение по соответствию задачи","https://wordstat.yandex.ru/?region=1&view=table&words=%D0%BC%D0%BE%D0%BD%D1%82%D0%B0%D0%B6%20%D0%B4%D0%B5%D0%BA%D0%BE%D1%80%D0%B0%D1%86%D0%B8%D0%B9","В таблице вакансии 8; общий спрос не равен заказчикам."
"M02","Монтаж декораций и конструкций","монтаж декораций -вакансии -работа","Авторизованный Вордстат / Топы / Популярные","Москва и область (1)","Все устройства; минус-слова вакансии/работа; число в заголовке","41","04.09.2026 - 03.10.2026","2026-10-05T13:17:28.457Z (UTC; МСК +3)","смешанное; поиск работы частично исключён","Продакшен; декораторы; организаторы; выставочные подрядчики","https://www.hudwagen.ru/montazh-dekoracij/ (предложен; не создан)","SEO основной; Директ кандидат после посадочной","Возможности Марата подтверждены владельцем 05.10; решение по соответствию задачи","https://wordstat.yandex.ru/?region=1&view=table&words=%D0%BC%D0%BE%D0%BD%D1%82%D0%B0%D0%B6%20%D0%B4%D0%B5%D0%BA%D0%BE%D1%80%D0%B0%D1%86%D0%B8%D0%B9%20-%D0%B2%D0%B0%D0%BA%D0%B0%D0%BD%D1%81%D0%B8%D0%B8%20-%D1%80%D0%B0%D0%B1%D0%BE%D1%82%D0%B0","Нормализованная строка таблицы 56; используем заголовок 41. Оставшееся не считается чисто коммерческим."
"M03","Монтаж декораций и конструкций","монтажник декораций","Авторизованный Вордстат / Топы / Популярные","Москва и область (1)","Все устройства; без операторов; число в заголовке","48","04.09.2026 - 03.10.2026","2026-10-05T13:23:17.620Z (UTC; МСК +3)","смешанное: заказ мастера и поиск работы","Продакшен; декораторы; организаторы; выставочные подрядчики","https://www.hudwagen.ru/montazh-dekoracij/ (предложен; не создан)","SEO дополнительный; Директ только с отсечением вакансий","Возможности Марата подтверждены владельцем 05.10; решение по соответствию задачи","https://wordstat.yandex.ru/?region=1&view=table&words=%D0%BC%D0%BE%D0%BD%D1%82%D0%B0%D0%B6%D0%BD%D0%B8%D0%BA%20%D0%B4%D0%B5%D0%BA%D0%BE%D1%80%D0%B0%D1%86%D0%B8%D0%B9","Первая попытка дала undefined; повторная: 48. Вакансии 23; работа 10; монтажники декораций москва 13. Строки перекрываются."
"M04","Монтаж декораций и конструкций","сборка декораций","Авторизованный Вордстат / Топы / Популярные","Москва и область (1)","Все устройства; без операторов; число в заголовке","23","04.09.2026 - 03.10.2026","2026-10-05T13:18:03.966Z (UTC; МСК +3)","смешанное: монтаж; компьютерные игры","Продакшен; декораторы; организаторы; выставочные подрядчики","https://www.hudwagen.ru/montazh-dekoracij/ (предложен; не создан)","SEO дополнительный; Директ кандидат с минусами","Возможности Марата подтверждены владельцем 05.10; решение по соответствию задачи","https://wordstat.yandex.ru/?region=1&view=table&words=%D1%81%D0%B1%D0%BE%D1%80%D0%BA%D0%B0%20%D0%B4%D0%B5%D0%BA%D0%BE%D1%80%D0%B0%D1%86%D0%B8%D0%B9","В таблице Minecraft 3; моды 2. Не складывать и не вычитать строки вручную."
"M05","Монтаж декораций и конструкций","установка декораций","Авторизованный Вордстат / Топы / Популярные","Москва и область (1)","Все устройства; без операторов; число в заголовке","8","04.09.2026 - 03.10.2026","2026-10-05T13:18:15.888Z (UTC; МСК +3)","смешанное; коммерческая услуга присутствует в SERP","Продакшен; декораторы; организаторы; выставочные подрядчики","https://www.hudwagen.ru/montazh-dekoracij/ (предложен; не создан)","SEO дополнительный; Директ кандидат","Возможности Марата подтверждены владельцем 05.10; решение по соответствию задачи","https://wordstat.yandex.ru/?region=1&view=table&words=%D1%83%D1%81%D1%82%D0%B0%D0%BD%D0%BE%D0%B2%D0%BA%D0%B0%20%D0%B4%D0%B5%D0%BA%D0%BE%D1%80%D0%B0%D1%86%D0%B8%D0%B9","Низкая частотность не доказывает отсутствие заказов."
"M06","Монтаж декораций и конструкций","сборка декораций -майнкрафт -модов","Авторизованный Вордстат / Топы / Популярные","Москва и область (1)","Все устройства; минус-слова майнкрафт/модов; число в заголовке","20","04.09.2026 - 03.10.2026","2026-10-05T13:18:27.502Z (UTC; МСК +3)","смешанное; игровые уточнения частично исключены","Продакшен; декораторы; организаторы; выставочные подрядчики","https://www.hudwagen.ru/montazh-dekoracij/ (предложен; не создан)","SEO дополнительный; Директ кандидат после посадочной","Возможности Марата подтверждены владельцем 05.10; решение по соответствию задачи","https://wordstat.yandex.ru/?region=1&view=table&words=%D1%81%D0%B1%D0%BE%D1%80%D0%BA%D0%B0%20%D0%B4%D0%B5%D0%BA%D0%BE%D1%80%D0%B0%D1%86%D0%B8%D0%B9%20-%D0%BC%D0%B0%D0%B9%D0%BD%D0%BA%D1%80%D0%B0%D1%84%D1%82%20-%D0%BC%D0%BE%D0%B4%D0%BE%D0%B2","Нормализованная строка таблицы 23; заголовок 20."
"M07","Монтаж декораций и конструкций","монтаж фотозоны","Авторизованный Вордстат / Топы / Популярные","Москва и область (1)","Все устройства; без операторов; число в заголовке","13","04.09.2026 - 03.10.2026","2026-10-05T13:19:03.492Z (UTC; МСК +3)","смешанное; установка для мероприятий","Продакшен; декораторы; организаторы; выставочные подрядчики","https://www.hudwagen.ru/montazh-dekoracij/ (предложен; не создан)","SEO дополнительный; Директ резерв","Возможности Марата подтверждены владельцем 05.10; решение по соответствию задачи","https://wordstat.yandex.ru/?region=1&view=table&words=%D0%BC%D0%BE%D0%BD%D1%82%D0%B0%D0%B6%20%D1%84%D0%BE%D1%82%D0%BE%D0%B7%D0%BE%D0%BD%D1%8B","Услуга подтверждена владельцем 05.10; изготовление полного оформления не заявлено."
"M08","Монтаж декораций и конструкций","сборка фотозоны","Авторизованный Вордстат / Топы / Популярные","Москва и область (1)","Все устройства; без операторов; число в заголовке","33","04.09.2026 - 03.10.2026","2026-10-05T13:19:24.260Z (UTC; МСК +3)","смешанное: заказ; инструкции; самостоятельная сборка","Продакшен; декораторы; организаторы; выставочные подрядчики","https://www.hudwagen.ru/montazh-dekoracij/ (предложен; не создан)","SEO дополнительный; Директ только с отсечением DIY","Возможности Марата подтверждены владельцем 05.10; решение по соответствию задачи","https://wordstat.yandex.ru/?region=1&view=table&words=%D1%81%D0%B1%D0%BE%D1%80%D0%BA%D0%B0%20%D1%84%D0%BE%D1%82%D0%BE%D0%B7%D0%BE%D0%BD%D1%8B","Каркас 8; инструкция 6; схема 2; шары 1. SERP также содержит своими руками."
"M09","Монтаж декораций и конструкций","монтаж декоративных конструкций","Авторизованный Вордстат / Топы / Популярные","Москва и область (1)","Все устройства; без операторов; противоречивое отображение","","04.09.2026 - 04.10.2026","2026-10-05T13:22:45.702Z (UTC; МСК +3)","не установлено надёжно","Продакшен; декораторы; организаторы; выставочные подрядчики","https://www.hudwagen.ru/montazh-dekoracij/ (предложен; не создан)","ограничено; частотность не принята для решения","Возможности Марата подтверждены владельцем 05.10; решение по соответствию задачи","https://wordstat.yandex.ru/?region=1&view=table&words=%D0%BC%D0%BE%D0%BD%D1%82%D0%B0%D0%B6%20%D0%B4%D0%B5%D0%BA%D0%BE%D1%80%D0%B0%D1%82%D0%B8%D0%B2%D0%BD%D1%8B%D1%85%20%D0%BA%D0%BE%D0%BD%D1%81%D1%82%D1%80%D1%83%D0%BA%D1%86%D0%B8%D0%B9","Дважды в заголовке 16 при сообщении Нет подходящих запросов и пустой таблице. Сохраняем наблюдение; поле частотности пустое; не ноль."
"M10","Монтаж декораций и конструкций","монтаж конструкций","Авторизованный Вордстат / Топы / Популярные","Москва и область (1)","Все устройства; без операторов; число в заголовке","3734","04.09.2026 - 03.10.2026","2026-10-05T13:19:56.295Z (UTC; МСК +3)","преимущественно строительство; нормативы; профессии","Продакшен; декораторы; организаторы; выставочные подрядчики","не назначена","исключён из SEO-целей и Директа","Возможности Марата подтверждены владельцем 05.10; решение по соответствию задачи","https://wordstat.yandex.ru/?region=1&view=table&words=%D0%BC%D0%BE%D0%BD%D1%82%D0%B0%D0%B6%20%D0%BA%D0%BE%D0%BD%D1%81%D1%82%D1%80%D1%83%D0%BA%D1%86%D0%B8%D0%B9","Стальные 418; железобетонные 362; строительные 351; металлические 345. Широкий объём не соответствует подтверждённым услугам."
"M11","Монтаж декораций и конструкций","монтаж выставочных стендов","Авторизованный Вордстат / Топы / Популярные","Москва и область (1)","Все устройства; без операторов; число в заголовке","37","04.09.2026 - 03.10.2026","2026-10-05T13:20:11.097Z (UTC; МСК +3)","коммерческое или смешанное; выставочные проекты","Продакшен; декораторы; организаторы; выставочные подрядчики","https://www.hudwagen.ru/montazh-dekoracij/ (предложен; не создан)","SEO дополнительный; Директ резерв","Возможности Марата подтверждены владельцем 05.10; решение по соответствию задачи","https://wordstat.yandex.ru/?region=1&view=table&words=%D0%BC%D0%BE%D0%BD%D1%82%D0%B0%D0%B6%20%D0%B2%D1%8B%D1%81%D1%82%D0%B0%D0%B2%D0%BE%D1%87%D0%BD%D1%8B%D1%85%20%D1%81%D1%82%D0%B5%D0%BD%D0%B4%D0%BE%D0%B2","Монтаж подтверждён владельцем; проектирование и производство стенда под ключ не подтверждены."
"M12","Монтаж декораций и конструкций","монтаж декораций для съемок","Авторизованный Вордстат / Топы / Популярные","Москва и область (1)","Все устройства; без операторов; число в заголовке","0","04.09.2026 - 04.10.2026","2026-10-05T13:20:24.098Z (UTC; МСК +3)","предполагаемое коммерческое; нет объёма за период","Продакшен; декораторы; организаторы; выставочные подрядчики","https://www.hudwagen.ru/montazh-dekoracij/ (предложен; не создан)","SEO как описание задачи; Директ не приоритет","Возможности Марата подтверждены владельцем 05.10; решение по соответствию задачи","https://wordstat.yandex.ru/?region=1&view=table&words=%D0%BC%D0%BE%D0%BD%D1%82%D0%B0%D0%B6%20%D0%B4%D0%B5%D0%BA%D0%BE%D1%80%D0%B0%D1%86%D0%B8%D0%B9%20%D0%B4%D0%BB%D1%8F%20%D1%81%D1%8A%D0%B5%D0%BC%D0%BE%D0%BA","Явный 0 в заголовке. Не доказывает нулевой будущий спрос; отдельный URL под фразу не нужен."
"M13","Монтаж декораций и конструкций","""монтаж декораций""","Авторизованный Вордстат / Топы / Популярные","Москва и область (1)","Все устройства; кавычки; число слов фиксируется; число в заголовке","4","04.09.2026 - 03.10.2026","2026-10-05T13:20:38.750Z (UTC; МСК +3)","смешанное; без дополнительных слов","Продакшен; декораторы; организаторы; выставочные подрядчики","https://www.hudwagen.ru/montazh-dekoracij/ (предложен; не создан)","оценка базовой фразы; не отдельный кластер","Возможности Марата подтверждены владельцем 05.10; решение по соответствию задачи","https://wordstat.yandex.ru/?region=1&view=table&words=%22%D0%BC%D0%BE%D0%BD%D1%82%D0%B0%D0%B6%20%D0%B4%D0%B5%D0%BA%D0%BE%D1%80%D0%B0%D1%86%D0%B8%D0%B9%22","Строка таблицы 56 нормализована; частотность режима с кавычками 4. Порядок и словоформы отдельно не фиксировались."
"M14","Монтаж декораций и конструкций","демонтаж декораций","Авторизованный Вордстат / Топы / Популярные","Москва и область (1)","Все устройства; без операторов; число в заголовке","13","04.09.2026 - 03.10.2026","2026-10-05T13:20:55.532Z (UTC; МСК +3)","коммерческое или смешанное; разборка","Продакшен; декораторы; организаторы; выставочные подрядчики","https://www.hudwagen.ru/montazh-dekoracij/ (предложен; не создан)","SEO дополнительный; Директ резерв","Возможности Марата подтверждены владельцем 05.10; решение по соответствию задачи","https://wordstat.yandex.ru/?region=1&view=table&words=%D0%B4%D0%B5%D0%BC%D0%BE%D0%BD%D1%82%D0%B0%D0%B6%20%D0%B4%D0%B5%D0%BA%D0%BE%D1%80%D0%B0%D1%86%D0%B8%D0%B9","Владелец подтвердил демонтаж; сварка и высотные работы исключены."
"M15","Монтаж декораций и конструкций","сборка выставочных стендов","Авторизованный Вордстат / Топы / Популярные","Москва и область (1)","Все устройства; без операторов; число в заголовке","3","04.09.2026 - 03.10.2026","2026-10-05T13:21:11.174Z (UTC; МСК +3)","коммерческое или смешанное; сборка","Продакшен; декораторы; организаторы; выставочные подрядчики","https://www.hudwagen.ru/montazh-dekoracij/ (предложен; не создан)","SEO дополнительный; Директ резерв","Возможности Марата подтверждены владельцем 05.10; решение по соответствию задачи","https://wordstat.yandex.ru/?region=1&view=table&words=%D1%81%D0%B1%D0%BE%D1%80%D0%BA%D0%B0%20%D0%B2%D1%8B%D1%81%D1%82%D0%B0%D0%B2%D0%BE%D1%87%D0%BD%D1%8B%D1%85%20%D1%81%D1%82%D0%B5%D0%BD%D0%B4%D0%BE%D0%B2","Синоним задачи монтажа стендов; самостоятельный URL не обоснован."
"M16","Монтаж декораций и конструкций","монтировщик декораций","Авторизованный Вордстат / Топы / Популярные","Москва и область (1)","Все устройства; без операторов; число в заголовке","17","04.09.2026 - 03.10.2026","2026-10-05T13:21:25.323Z (UTC; МСК +3)","преимущественно поиск работы по свежему SERP","Продакшен; декораторы; организаторы; выставочные подрядчики","не назначена","не рекламировать; термин для пояснения при необходимости","Возможности Марата подтверждены владельцем 05.10; решение по соответствию задачи","https://wordstat.yandex.ru/?region=1&view=table&words=%D0%BC%D0%BE%D0%BD%D1%82%D0%B8%D1%80%D0%BE%D0%B2%D1%89%D0%B8%D0%BA%20%D0%B4%D0%B5%D0%BA%D0%BE%D1%80%D0%B0%D1%86%D0%B8%D0%B9","Яндекс 05.10 desktop: серия сайтов вакансий. Встречается профессиональное название работника сцены."
"M17","Монтаж декораций и конструкций","сборка фотозоны -инструкция -схема -шаров -руками","Авторизованный Вордстат / Топы / Популярные","Москва и область (1)","Все устройства; минус-слова инструкция/схема/шаров/руками; число в заголовке","22","04.09.2026 - 03.10.2026","2026-10-05T13:21:38.489Z (UTC; МСК +3)","смешанное; DIY частично исключён","Продакшен; декораторы; организаторы; выставочные подрядчики","https://www.hudwagen.ru/montazh-dekoracij/ (предложен; не создан)","SEO дополнительный; Директ резерв после посадочной","Возможности Марата подтверждены владельцем 05.10; решение по соответствию задачи","https://wordstat.yandex.ru/?region=1&view=table&words=%D1%81%D0%B1%D0%BE%D1%80%D0%BA%D0%B0%20%D1%84%D0%BE%D1%82%D0%BE%D0%B7%D0%BE%D0%BD%D1%8B%20-%D0%B8%D0%BD%D1%81%D1%82%D1%80%D1%83%D0%BA%D1%86%D0%B8%D1%8F%20-%D1%81%D1%85%D0%B5%D0%BC%D0%B0%20-%D1%88%D0%B0%D1%80%D0%BE%D0%B2%20-%D1%80%D1%83%D0%BA%D0%B0%D0%BC%D0%B8","Нормализованная строка 33; заголовок 22. Остаток не считается количеством клиентов."
"M18","Монтаж декораций и конструкций","монтаж сценических конструкций","Авторизованный Вордстат / Топы / Популярные","Москва и область (1)","Все устройства; без операторов; число в заголовке","16","04.09.2026 - 03.10.2026","2026-10-05T13:22:00.058Z (UTC; МСК +3)","смешанное; сценические сооружения","Продакшен; декораторы; организаторы; выставочные подрядчики","https://www.hudwagen.ru/montazh-dekoracij/ (предложен; не создан)","SEO только конкретные подтверждённые конструкции; Директ отложить","Возможности Марата подтверждены владельцем 05.10; решение по соответствию задачи","https://wordstat.yandex.ru/?region=1&view=table&words=%D0%BC%D0%BE%D0%BD%D1%82%D0%B0%D0%B6%20%D1%81%D1%86%D0%B5%D0%BD%D0%B8%D1%87%D0%B5%D1%81%D0%BA%D0%B8%D1%85%20%D0%BA%D0%BE%D0%BD%D1%81%D1%82%D1%80%D1%83%D0%BA%D1%86%D0%B8%D0%B9","Не обещать монтаж любых сцен; высота и сварка исключены. Намерение и допустимый объём требуют проверки."
"M19","Монтаж декораций и конструкций","монтажник декораций -вакансии -работа","Авторизованный Вордстат / Топы / Популярные","Москва и область (1)","Все устройства; минус-слова вакансии/работа; число в заголовке","17","04.09.2026 - 03.10.2026","2026-10-05T13:23:50.343Z (UTC; МСК +3)","смешанное; вакансии частично исключены","Продакшен; декораторы; организаторы; выставочные подрядчики","https://www.hudwagen.ru/montazh-dekoracij/ (предложен; не создан)","SEO дополнительный; Директ кандидат после посадочной","Возможности Марата подтверждены владельцем 05.10; решение по соответствию задачи","https://wordstat.yandex.ru/?region=1&view=table&words=%D0%BC%D0%BE%D0%BD%D1%82%D0%B0%D0%B6%D0%BD%D0%B8%D0%BA%20%D0%B4%D0%B5%D0%BA%D0%BE%D1%80%D0%B0%D1%86%D0%B8%D0%B9%20-%D0%B2%D0%B0%D0%BA%D0%B0%D0%BD%D1%81%D0%B8%D0%B8%20-%D1%80%D0%B0%D0%B1%D0%BE%D1%82%D0%B0","Нормализованная строка 48; заголовок 17. Географическая строка Москва 13."
"M20","Монтаж декораций и конструкций","сборка подиума","Авторизованный Вордстат / Топы / Популярные","Москва и область (1)","Все устройства; без операторов; число в заголовке","22","04.09.2026 - 03.10.2026","2026-10-05T13:24:16.167Z (UTC; МСК +3)","смешанное; бытовое строительство и декорации","Продакшен; декораторы; организаторы; выставочные подрядчики","https://www.hudwagen.ru/montazh-dekoracij/ (предложен; не создан)","SEO конкретно деревянный подиум; Директ отложить","Возможности Марата подтверждены владельцем 05.10; решение по соответствию задачи","https://wordstat.yandex.ru/?region=1&view=table&words=%D1%81%D0%B1%D0%BE%D1%80%D0%BA%D0%B0%20%D0%BF%D0%BE%D0%B4%D0%B8%D1%83%D0%BC%D0%B0","В таблице видео сборки душевой кабины подиум 7. Сценический спрос отдельно не измерен."
