"Запрос","Кластер","Регион","Устройство","Дата проверки","Позиция","Домен","URL страницы","Тип сайта","Тип страницы","Title","Текст результата","Основное предложение","Доказательства доверия","Наблюдение","Источник"
"монтаж декораций Москва","Монтаж декораций","Красногорск (регион UI); запрос с Москвой","Desktop","2026-10-05","Виден на первой странице; порядковая позиция не фиксировалась","uslugi.yandex.ru","https://uslugi.yandex.ru/213-moscow/category?text=монтажники+декораций","Агрегатор исполнителей","Каталог","Монтажники декораций в Москве","Поиск мастеров по ценам и отзывам","Услуги отдельных специалистов","Отзывы платформы; не доказательство опыта Марата","Виден в свежей выдаче; прямая карточка исполнителя не исследована","https://yandex.ru/search/?text=%D0%BC%D0%BE%D0%BD%D1%82%D0%B0%D0%B6%20%D0%B4%D0%B5%D0%BA%D0%BE%D1%80%D0%B0%D1%86%D0%B8%D0%B9%20%D0%9C%D0%BE%D1%81%D0%BA%D0%B2%D0%B0&lr=10735"
"монтаж декораций Москва","Монтаж декораций","Красногорск (регион UI); запрос с Москвой","Desktop","2026-10-05","Виден на первой странице; порядковая позиция не фиксировалась","avito.ru","https://www.avito.ru/moskva/predlozheniya_uslug?q=монтажник+декораций","Объявления исполнителей","Поиск услуг","монтажник декораций в Москве - цены и отзывы | Услуги на Авито","В сниппете монтаж стендов/фотозон/декораций","Услуги мастеров и компаний","Отзывы/цены в каталоге; не проверялись индивидуально","Текст результата поддерживает спрос на исполнителя; каталог не одна конкурирующая фирма","https://yandex.ru/search/?text=%D0%BC%D0%BE%D0%BD%D1%82%D0%B0%D0%B6%20%D0%B4%D0%B5%D0%BA%D0%BE%D1%80%D0%B0%D1%86%D0%B8%D0%B9%20%D0%9C%D0%BE%D1%81%D0%BA%D0%B2%D0%B0&lr=10735"
"монтаж декораций Москва","Монтаж декораций","Красногорск (регион UI); запрос с Москвой","Desktop","2026-10-05","Виден на первой странице; порядковая позиция не фиксировалась","profi.ru","https://profi.ru/remont/ustanovka-dekoracii/","Агрегатор мастеров","Каталог услуги","Мастера по установке декораций Москвы на Профи","Установка декораций; мастера с ценами и отзывами","Поиск отдельного мастера","Рейтинги агрегатора; не личные доказательства Марата","Результат прочитан в Яндексе; открытие прямой страницы через web не удалось; число мастеров не используем как бизнес-факт","https://yandex.ru/search/?text=%D0%BC%D0%BE%D0%BD%D1%82%D0%B0%D0%B6%20%D0%B4%D0%B5%D0%BA%D0%BE%D1%80%D0%B0%D1%86%D0%B8%D0%B9%20%D0%9C%D0%BE%D1%81%D0%BA%D0%B2%D0%B0&lr=10735"
"монтаж декораций Москва","Производство и монтаж","Красногорск (регион UI); запрос с Москвой","Desktop","2026-10-05","Виден на первой странице; порядковая позиция не фиксировалась","ostankino.ru","https://ostankino.ru/decorations/","Телецентр; производитель","Коммерческая услуга","Декорации для ТВ, кино и мероприятий - Телецентр Останкино","От эскиза до монтажа","Полный цикл; собственная база; работа на площадке","Собственное портфолио и описание производства; утверждения компании","Прямая страница прочитана: монтаж на внешних площадках; шире услуги Марата; не переносить сертификаты/допуски","https://yandex.ru/search/?text=%D0%BC%D0%BE%D0%BD%D1%82%D0%B0%D0%B6%20%D0%B4%D0%B5%D0%BA%D0%BE%D1%80%D0%B0%D1%86%D0%B8%D0%B9%20%D0%9C%D0%BE%D1%81%D0%BA%D0%B2%D0%B0&lr=10735"
"монтаж декораций Москва","Уличный декор","Красногорск (регион UI); запрос с Москвой","Desktop","2026-10-05","Виден на первой странице; порядковая позиция не фиксировалась","decois.ru","https://decois.ru/moskva/montazh-demontazh/","Компания","Коммерческая услуга","Монтаж/Демонтаж уличного декора в Москве","Установка уличных конструкций и озеленение","Монтаж и демонтаж городского декора","Прямые доказательства не исследованы","Прочитан SERP; смежное направление, не подтверждённая специализация Марата","https://yandex.ru/search/?text=%D0%BC%D0%BE%D0%BD%D1%82%D0%B0%D0%B6%20%D0%B4%D0%B5%D0%BA%D0%BE%D1%80%D0%B0%D1%86%D0%B8%D0%B9%20%D0%9C%D0%BE%D1%81%D0%BA%D0%B2%D0%B0&lr=10735"
"монтаж декораций Москва","Производство и монтаж","Красногорск (регион UI); запрос с Москвой","Desktop","2026-10-05","Виден на первой странице; порядковая позиция не фиксировалась","expo-decor.ru","https://expo-decor.ru/","Производитель декораций","Главная коммерческая","Изготовление декораций под ключ - монтаж декораций","Изготовление декораций и рекламных конструкций","Производство; доставка; монтаж","Портфолио и описание собственной площадки; утверждения компании","Прямая страница прочитана; кино/театр/события/выставки; полный цикл шире предложения мастера","https://yandex.ru/search/?text=%D0%BC%D0%BE%D0%BD%D1%82%D0%B0%D0%B6%20%D0%B4%D0%B5%D0%BA%D0%BE%D1%80%D0%B0%D1%86%D0%B8%D0%B9%20%D0%9C%D0%BE%D1%81%D0%BA%D0%B2%D0%B0&lr=10735"
"монтаж декораций Москва","Монтаж на высоте","Красногорск (регион UI); запрос с Москвой","Desktop","2026-10-05","Виден на первой странице; порядковая позиция не фиксировалась","alpicon.ru","https://alpicon.ru/uslugi/montazh_dekoracij/","Промышленный альпинизм","Коммерческая услуга","Монтаж декораций и постановка трюков на высоте в Москве","Сложные декорации и трюки; альпинисты","Высотный монтаж","Портфолио/описание специалистов; не независимая проверка","Прямая страница открыта; высотная специализация не подходит Марату","https://yandex.ru/search/?text=%D0%BC%D0%BE%D0%BD%D1%82%D0%B0%D0%B6%20%D0%B4%D0%B5%D0%BA%D0%BE%D1%80%D0%B0%D1%86%D0%B8%D0%B9%20%D0%9C%D0%BE%D1%81%D0%BA%D0%B2%D0%B0&lr=10735"
"монтаж декораций Москва","Вакансии","Красногорск (регион UI); запрос с Москвой","Desktop","2026-10-05","Виден на первой странице; порядковая позиция не фиксировалась","youdo.com","https://youdo.com/rabota/remont/montazhnik/dekoracii","Площадка вакансий","Работа/подработка","Вакансии монтажника декораций в Москве","Работа монтажником; заработок","Поиск работы","Не применяется к предложению услуги","Свежий SERP подтверждает смешение клиентского и кадрового намерения","https://yandex.ru/search/?text=%D0%BC%D0%BE%D0%BD%D1%82%D0%B0%D0%B6%20%D0%B4%D0%B5%D0%BA%D0%BE%D1%80%D0%B0%D1%86%D0%B8%D0%B9%20%D0%9C%D0%BE%D1%81%D0%BA%D0%B2%D0%B0&lr=10735"
"сборка фотозоны Москва","Монтаж фотозон","Красногорск (регион UI); запрос с Москвой","Desktop","2026-10-05","Виден на первой странице; порядковая позиция не фиксировалась","uslugi.yandex.ru","https://uslugi.yandex.ru/213-moscow/category?text=монтаж+фотозон","Агрегатор исполнителей","Каталог","Монтаж фотозон в Москве","Мастера по монтажу фотозон","Выбор специалиста","Отзывы агрегатора; конкретные мастера не исследованы","Виден в свежей выдаче; подтверждает отдельный монтажный запрос","https://yandex.ru/search/?text=%D1%81%D0%B1%D0%BE%D1%80%D0%BA%D0%B0%20%D1%84%D0%BE%D1%82%D0%BE%D0%B7%D0%BE%D0%BD%D1%8B%20%D0%9C%D0%BE%D1%81%D0%BA%D0%B2%D0%B0&lr=10735"
"сборка фотозоны Москва","Фотозоны под ключ","Красногорск (регион UI); запрос с Москвой","Desktop","2026-10-05","Виден на первой странице; порядковая позиция не фиксировалась","sm-production.ru","https://sm-production.ru/uslugi/izgotovlenie-fotozony","Производитель","Коммерческая услуга","Изготовление фотозон на заказ в Москве и СПб - SM Production","Полный цикл и установка","Изготовление; монтаж; демонтаж","Фотографии; описание производства; утверждения компании","Прямая страница прочитана. Акция на странице до 30.04.2024; её цену нельзя считать актуальной. Изготовление под ключ шире услуги Марата","https://yandex.ru/search/?text=%D1%81%D0%B1%D0%BE%D1%80%D0%BA%D0%B0%20%D1%84%D0%BE%D1%82%D0%BE%D0%B7%D0%BE%D0%BD%D1%8B%20%D0%9C%D0%BE%D1%81%D0%BA%D0%B2%D0%B0&lr=10735"
"монтировщик декораций Москва","Вакансии","Красногорск (регион UI); запрос с Москвой","Desktop","2026-10-05","Виден на первой странице; порядковая позиция не фиксировалась","moskva-region.jobfilter.ru","https://moskva-region.jobfilter.ru/работа/монтировщик-декораций","Агрегатор вакансий","Поиск работы","Монтировщик декораций работа в Москве","Вакансии профессии","Трудоустройство","Не применяется","В свежей выдаче серия кадровых сайтов; термин не приоритет для клиентской рекламы","https://yandex.ru/search/?text=%D0%BC%D0%BE%D0%BD%D1%82%D0%B8%D1%80%D0%BE%D0%B2%D1%89%D0%B8%D0%BA%20%D0%B4%D0%B5%D0%BA%D0%BE%D1%80%D0%B0%D1%86%D0%B8%D0%B9%20%D0%9C%D0%BE%D1%81%D0%BA%D0%B2%D0%B0&lr=10735"
"монтировщик декораций Москва","Вакансии","Красногорск (регион UI); запрос с Москвой","Desktop","2026-10-05","Виден на первой странице; порядковая позиция не фиксировалась","youdo.com","https://youdo.com/rabota/remont/montazhnik/dekoracii","Площадка вакансий","Работа/подработка","Вакансии монтажника декораций в Москве","Работа и подработка","Трудоустройство","Не применяется","Поддерживает вывод о кадровом намерении; частотность 17 не число заказчиков","https://yandex.ru/search/?text=%D0%BC%D0%BE%D0%BD%D1%82%D0%B8%D1%80%D0%BE%D0%B2%D1%89%D0%B8%D0%BA%20%D0%B4%D0%B5%D0%BA%D0%BE%D1%80%D0%B0%D1%86%D0%B8%D0%B9%20%D0%9C%D0%BE%D1%81%D0%BA%D0%B2%D0%B0&lr=10735"
